id,organizationId,cardTypeId,parentScoreCardId,score,createdBy
1,79,69,4,47,Orton
2,11,32,8,16,Tabbitha
3,14,80,83,37,Adiana
4,96,82,58,79,Kelsy
5,95,46,74,85,Xenia
6,71,42,56,42,Darya
7,70,64,2,30,Con
8,86,60,65,30,Tam
9,86,16,74,30,Inger
10,67,10,24,17,Norean
11,44,57,84,85,Tracee
12,17,68,19,3,Shae
13,15,69,33,68,Millisent
14,45,97,15,3,Emilio
15,64,10,71,72,Emile
16,21,85,39,45,Bucky
17,3,39,40,21,Homerus
18,84,47,94,33,Raynell
19,30,93,50,45,Carena
20,28,8,16,87,Brande
21,22,90,66,26,Melodie
22,40,73,49,83,Elysha
23,97,45,9,89,Silvester
24,53,92,65,89,Yorke
25,56,90,88,35,Lizette
26,64,80,38,48,Richie
27,15,53,36,17,Freeman
28,35,7,12,38,Laurella
29,89,82,87,87,Clim
30,73,20,49,4,Susy
31,8,48,29,41,Anissa
32,41,51,85,39,Valaree
33,23,16,19,90,Donielle
34,9,56,31,90,Patten
35,41,83,36,90,Phil
36,84,24,57,74,Lloyd
37,8,5,18,81,Ashlee
38,41,17,11,33,Dionisio
39,41,52,57,37,Nata
40,31,73,81,32,Angelo
41,62,21,24,5,Arline
42,65,34,29,64,Andy
43,92,96,16,60,Neala
44,24,28,57,81,Tanney
45,27,100,5,76,Abie
46,72,48,70,69,Tiertza
47,18,53,81,56,Pansie
48,53,100,11,18,Liliane
49,50,56,11,98,Dorice
50,51,86,72,18,Dita
51,37,89,50,88,Edna
52,36,83,23,84,Davin
53,9,74,23,5,Brina
54,73,34,92,90,Ham
55,55,66,82,83,Killie
56,94,79,6,15,Donalt
57,96,51,19,93,Rocky
58,51,18,21,37,Truman
59,52,71,14,77,Felicdad
60,29,11,76,17,Levy
61,3,17,21,100,Ruby
62,74,73,46,58,Judye
63,52,95,6,30,Jozef
64,15,24,71,6,Damiano
65,24,20,40,9,Dennet
66,26,48,27,21,Fania
67,53,77,95,6,Trumaine
68,54,17,54,90,Harv
69,84,4,61,94,Charil
70,2,52,82,51,Clayson
71,67,82,48,27,Israel
72,58,87,18,81,Cello
73,83,22,55,13,Jeremiah
74,3,17,72,93,Mason
75,59,30,96,46,Harrie
76,61,63,51,95,Mikol
77,15,67,34,13,Torry
78,8,80,7,13,Nil
79,40,55,90,71,Ric
80,72,4,99,46,Constantine
81,60,78,86,34,Donica
82,49,23,18,83,Donnie
83,94,48,97,68,Rikki
84,38,41,65,59,Brinn
85,89,26,5,24,Emelina
86,19,62,59,34,Eugen
87,23,100,55,73,Nanice
88,80,74,10,42,Elliott
89,7,80,52,11,Rik
90,95,49,71,42,Ogdan
91,97,41,76,21,Hillier
92,5,53,80,38,Jackquelin
93,9,45,12,52,Gertrudis
94,26,94,43,17,Jerald
95,84,50,57,70,Jack
96,5,84,15,98,Mar
97,25,81,53,39,Ardine
98,27,88,81,46,Lanni
99,95,23,88,27,Petronilla
100,99,72,90,97,Neilla
101,21,21,21,45,Ryun
102,79,40,73,21,Leese
103,13,65,3,84,Philippe
104,40,60,66,25,Brodie
105,73,8,84,49,Ewan
106,89,98,91,98,Hill
107,21,13,48,9,Victoria
108,77,75,23,42,Cathleen
109,71,49,75,13,Leif
110,26,21,36,57,Lidia
111,28,21,23,47,Gwendolyn
112,63,6,37,10,Elga
113,64,35,9,8,Laverne
114,15,71,32,17,Sibyl
115,72,78,19,11,Cammi
116,87,10,74,70,Salmon
117,59,90,15,28,Karla
118,95,42,22,5,Rolfe
119,18,100,59,33,Marve
120,95,23,12,23,Petunia
121,11,22,67,76,Corey
122,72,24,42,82,Annetta
123,18,85,85,63,Yehudi
124,91,84,61,13,Shannan
125,83,62,3,91,Chrysa
126,21,90,81,78,Jozef
127,83,100,21,66,Netti
128,92,50,9,18,Gradeigh
129,73,93,26,13,Cristian
130,89,88,31,84,Berkley
131,18,63,14,72,Alberto
132,74,18,4,51,Mara
133,68,55,37,85,Chancey
134,13,36,68,3,Tallie
135,27,24,1,15,Adrianna
136,20,62,24,79,Saundra
137,13,44,75,77,Scotty
138,65,3,28,43,Huberto
139,71,95,63,43,Herb
140,7,6,57,83,Mahalia
141,7,62,91,59,Wilhelmine
142,1,27,95,11,Rosalie
143,58,2,83,96,Fidelio
144,84,92,4,91,Brynn
145,100,15,48,10,Briana
146,34,24,84,17,Jackie
147,23,24,19,84,Jermaine
148,1,55,19,14,Gregory
149,72,28,94,17,Lezlie
150,23,42,65,43,Egor
151,98,34,58,60,Alon
152,51,9,19,72,Sig
153,2,40,32,91,Aron
154,30,69,86,6,Agnella
155,91,22,22,37,Halette
156,53,5,53,71,Pearle
157,85,12,80,16,Alphonso
158,66,37,45,33,Frederich
159,73,42,76,10,Conrad
160,44,77,29,88,Allan
161,25,8,12,82,Aldridge
162,78,96,59,48,Maggie
163,46,19,87,40,Judah
164,97,44,19,23,Toddy
165,82,8,70,22,Milo
166,16,69,41,93,Herrick
167,14,92,21,10,Adriana
168,92,73,63,66,Faustina
169,5,27,34,32,Dory
170,17,50,11,3,Franciskus
171,55,98,10,25,Deena
172,19,53,93,10,Mirilla
173,86,92,86,82,Tracie
174,85,87,97,44,Art
175,15,93,6,86,Dayle
176,33,6,47,36,Thaine
177,17,3,54,9,Debra
178,41,51,80,30,Jackquelin
179,7,75,2,73,Bab
180,87,16,10,74,Padraic
181,16,84,11,55,Windham
182,57,36,62,1,Jemimah
183,76,12,53,98,Sid
184,52,8,77,84,Logan
185,61,68,41,2,Humfrid
186,81,41,4,76,Jamey
187,75,15,19,81,Jena
188,14,94,1,83,Roderic
189,12,74,68,11,Nicoline
190,96,4,16,54,Carmen
191,19,5,80,86,Thomasa
192,78,6,94,58,Drusi
193,68,84,43,85,Lacey
194,36,73,52,14,Eolanda
195,14,71,91,47,Clem
196,65,46,62,100,Northrop
197,79,24,51,84,Davina
198,89,12,56,13,Morly
199,52,48,2,66,Karlis
200,12,96,5,48,Lewiss
201,63,12,37,8,Sawyere
202,56,29,61,36,Ignazio
203,31,95,64,87,Desiri
204,69,44,52,64,Jed
205,98,100,71,71,Melonie
206,35,98,51,20,Kevan
207,52,60,73,89,Perrine
208,70,86,86,73,Philomena
209,12,53,93,12,Rebeca
210,92,70,81,34,Claudette
211,85,42,20,90,Esther
212,45,64,16,87,Josiah
213,10,41,44,75,Mayor
214,41,49,82,69,Malanie
215,15,39,57,78,Reed
216,90,9,77,8,Harriet
217,11,90,2,24,Mame
218,71,51,90,5,Vincent
219,76,71,92,81,Inigo
220,20,27,14,42,Alicea
221,43,39,34,90,Giacinta
222,97,43,68,82,Koenraad
223,34,45,55,22,Jennifer
224,16,11,36,68,Flin
225,15,11,52,30,Shel
226,97,61,64,100,Granny
227,85,26,6,82,Terry
228,86,14,98,83,Samaria
229,57,99,52,3,Horton
230,48,69,99,89,Dara
231,21,17,98,53,Hendrika
232,24,87,66,100,Gloria
233,26,38,4,70,Leopold
234,61,68,38,25,Josey
235,62,59,29,44,Chad
236,80,4,73,65,Welby
237,45,54,34,48,Tiena
238,25,39,20,19,Dulcie
239,67,10,2,34,Godwin
240,50,25,59,72,Lyndel
241,88,15,44,93,Rochell
242,61,92,8,48,Mag
243,34,27,30,66,Lucina
244,55,79,8,21,Dixie
245,72,81,1,29,Berty
246,18,9,54,87,Gaye
247,35,6,32,48,Urbano
248,40,59,41,85,Ray
249,8,45,70,45,Catharine
250,54,99,69,82,Danna
251,13,27,83,51,Karmen
252,100,37,9,83,Andres
253,29,17,46,31,Janella
254,38,64,38,20,Welsh
255,43,63,40,20,Vevay
256,54,88,52,46,Michelina
257,73,72,77,28,Merralee
258,38,17,55,81,Vanda
259,62,82,31,78,Burlie
260,15,75,72,41,Rikki
261,67,42,65,24,Roanne
262,37,13,30,47,Dorolisa
263,4,8,56,27,Dolf
264,93,18,2,42,Joelle
265,76,61,69,82,Averell
266,92,13,2,61,Gustav
267,24,81,98,34,Elvina
268,34,62,60,16,Ricky
269,19,94,33,13,Augustus
270,53,48,16,37,Wilma
271,52,57,94,51,Feodor
272,63,78,98,34,Bogey
273,52,30,63,63,Thebault
274,1,11,82,79,Abbott
275,74,85,61,72,Harmon
276,63,69,88,60,Cosetta
277,29,16,82,47,Tony
278,8,24,20,99,Aldric
279,69,51,99,88,Lorry
280,24,24,29,32,Marena
281,5,29,98,23,Abagael
282,7,6,9,11,Ben
283,36,55,92,84,Doro
284,62,17,54,98,Cassandra
285,47,47,11,68,Arny
286,13,8,88,29,Desiree
287,25,35,35,88,Alain
288,7,45,32,46,Benjamin
289,5,21,43,7,Ebenezer
290,72,92,29,86,Rickey
291,71,47,70,64,Koressa
292,58,36,37,16,Klara
293,76,63,86,8,Thane
294,13,98,61,92,Trey
295,83,17,97,32,Lanie
296,83,78,53,30,Leandra
297,96,93,91,31,Berty
298,50,54,6,26,Zara
299,90,18,9,52,Carver
300,12,43,64,91,Valli
301,80,88,76,7,Fernande
302,41,97,41,26,Cecilla
303,25,13,25,14,Ruperta
304,44,66,70,45,Damara
305,78,51,100,79,Floria
306,22,55,95,7,Trudey
307,84,48,21,80,Marylou
308,64,25,8,53,Othilia
309,31,13,58,60,Marcus
310,78,88,86,20,Inez
311,77,69,21,4,Filmore
312,65,97,33,18,Marj
313,30,44,18,63,Stacee
314,67,4,88,13,Jacqui
315,89,46,28,10,Tessi
316,68,68,27,1,Hansiain
317,82,21,37,74,Cherin
318,4,27,88,64,Adrian
319,4,31,25,8,Marc
320,69,88,36,6,Marvin
321,29,54,85,37,Raine
322,84,56,14,26,Evania
323,16,84,43,92,Barron
324,41,72,12,38,Risa
325,11,47,13,4,Joana
326,100,59,67,48,Heather
327,2,21,60,29,Nichole
328,6,90,47,42,Ruthanne
329,20,71,100,78,Maybelle
330,99,69,17,77,Betsy
331,14,93,84,85,Adlai
332,99,8,25,55,Maegan
333,75,81,46,97,Emmeline
334,58,71,25,35,Louisette
335,36,81,41,21,Lem
336,28,97,12,70,Lynnette
337,48,30,23,88,Rhys
338,32,21,8,75,Federico
339,32,76,37,66,Langston
340,36,68,92,22,Theodore
341,85,34,49,64,Moore
342,75,74,53,82,Ayn
343,47,41,95,55,Marlena
344,71,43,72,46,Nikos
345,77,59,50,40,Kit
346,47,1,18,70,May
347,50,79,83,56,Sharleen
348,30,94,9,87,Loralyn
349,74,30,94,77,Stu
350,15,20,84,99,Byrle
351,15,93,22,66,Bettina
352,59,86,86,89,Ario
353,31,100,22,12,Robbie
354,25,50,26,8,Kristen
355,73,71,81,59,Jamal
356,34,62,51,36,Roth
357,36,25,88,99,Marcelline
358,49,96,17,91,Ephrem
359,38,17,21,57,Prentice
360,20,82,89,48,Devora
361,81,45,3,14,Asia
362,94,68,27,35,Evvie
363,100,83,53,54,Stanislaus
364,49,83,4,44,Dana
365,68,73,29,23,Cullie
366,64,18,65,1,Sherry
367,32,38,57,82,Broddie
368,1,95,92,8,Harper
369,34,9,41,33,Calley
370,88,93,75,88,Reed
371,13,88,94,74,Paulita
372,35,33,14,68,Maria
373,63,94,55,40,Buckie
374,87,99,64,39,Ellswerth
375,51,48,18,53,Kora
376,82,54,99,14,Winifield
377,92,54,11,76,Siffre
378,17,15,37,100,Betsy
379,25,52,88,2,Frayda
380,24,100,17,13,Angele
381,50,65,36,35,Sybila
382,95,11,94,2,Marne
383,92,12,20,14,Carce
384,87,24,87,28,Edlin
385,27,44,1,26,Dorita
386,99,71,35,42,Jerrine
387,18,55,48,1,Roby
388,96,99,43,71,Stavros
389,75,24,33,28,Jewell
390,1,71,25,93,Shane
391,88,93,40,40,Archambault
392,61,32,16,90,Tadd
393,45,58,1,94,Raimund
394,28,30,13,11,Matilda
395,100,83,39,20,Roberta
396,43,31,55,19,Leonid
397,55,3,89,44,Mattias
398,19,38,94,15,Mella
399,36,54,33,72,Zerk
400,13,68,15,43,Meagan
401,36,38,95,43,Farand
402,89,82,47,47,Vikki
403,32,14,58,86,Isis
404,39,79,61,28,Ring
405,2,55,42,29,Ethel
406,87,87,57,56,Chev
407,35,80,11,29,Ivie
408,6,61,34,29,Sara
409,6,49,100,41,Charlotte
410,11,19,88,41,Reid
411,79,77,23,52,Chelsie
412,85,20,71,58,Barbette
413,60,53,82,66,Daisey
414,36,100,54,12,Marie-jeanne
415,75,89,81,70,Jamal
416,57,1,30,44,Nonna
417,96,14,37,87,Timmie
418,99,99,18,68,Rosmunda
419,73,13,39,13,Sinclare
420,15,37,17,38,Clemmy
421,9,11,5,92,Glen
422,73,36,86,80,Breena
423,38,66,60,70,Forster
424,28,62,52,89,Carma
425,76,83,98,74,Chantal
426,26,29,25,100,Elisha
427,53,24,13,54,Scarlet
428,29,42,67,12,Rex
429,37,54,9,17,Orlando
430,8,54,5,47,Leonerd
431,38,13,16,21,Doyle
432,63,94,21,75,Viola
433,65,78,27,17,Faydra
434,65,48,82,92,Lanni
435,13,51,56,70,Marius
436,50,87,26,19,Wesley
437,70,65,100,71,Arlette
438,30,52,73,69,Maure
439,12,80,27,46,Reagen
440,43,59,61,43,Ciro
441,71,35,96,63,Anjanette
442,73,52,41,29,Essie
443,52,23,14,4,Kassey
444,16,14,2,30,Verile
445,4,24,88,58,Zaneta
446,98,85,92,57,Stephan
447,86,49,22,70,Valenka
448,6,92,19,38,Annabel
449,85,87,93,88,Shayne
450,18,66,28,33,Hube
451,11,63,34,1,Micheline
452,65,5,82,88,Wilmette
453,10,17,25,14,Vinny
454,33,80,74,60,Michaeline
455,93,44,28,81,Georgiana
456,98,89,69,52,Kippie
457,45,93,36,93,Ermengarde
458,42,18,78,1,Joellen
459,58,16,15,26,Cyb
460,6,38,89,39,Austin
461,41,69,75,81,Huberto
462,72,21,52,93,Bil
463,77,91,35,53,Debby
464,52,12,84,41,Cleve
465,62,91,98,89,Carmine
466,86,38,92,83,Tommie
467,26,26,69,99,Floris
468,52,47,47,1,Willamina
469,80,84,42,59,Kimbell
470,24,82,63,89,Henriette
471,34,94,24,63,Theda
472,33,10,5,5,Brianna
473,98,31,85,78,Jaquith
474,55,21,56,73,Noam
475,79,82,10,94,Wilhelmine
476,63,91,43,40,Virgie
477,100,2,94,47,Quincy
478,15,33,72,9,Othilie
479,100,18,67,39,Ilise
480,92,11,61,55,Curtis
481,71,52,34,55,Rosita
482,46,60,45,76,Ferrell
483,35,91,46,61,Jodi
484,81,31,80,9,Filia
485,47,77,97,44,Emmaline
486,80,64,39,41,Garold
487,46,27,17,36,Ingaborg
488,34,77,12,51,Pascal
489,6,37,66,56,Nedi
490,35,18,80,18,Rosaline
491,37,66,52,60,Aida
492,23,31,54,17,Teri
493,44,56,20,24,Francisco
494,56,15,7,77,Pietro
495,91,51,2,21,Aileen
496,21,24,79,30,Mame
497,65,59,15,20,Walton
498,15,95,59,75,Arne
499,74,27,97,87,Donella
500,84,45,88,76,Iona
501,6,42,66,43,Emmaline
502,54,63,95,84,Weber
503,78,72,47,52,Katleen
504,41,83,74,22,Roxanna
505,62,62,100,82,Sterling
506,27,30,9,8,Pat
507,75,9,71,21,Gabie
508,60,27,40,1,Jehanna
509,78,70,15,4,Berty
510,89,56,46,90,Harald
511,96,52,33,58,Fey
512,77,86,25,1,Binni
513,97,26,38,18,Eben
514,99,44,40,97,Gipsy
515,59,45,5,51,Reade
516,25,13,57,58,May
517,11,44,80,30,Johanna
518,88,19,14,18,Oby
519,55,84,64,1,Hy
520,70,40,39,38,Cathrine
521,59,76,56,97,Joshuah
522,30,68,35,64,Alexandro
523,31,84,46,44,Alene
524,33,28,59,22,Evangelin
525,51,53,69,55,Xena
526,70,88,28,36,Jarrett
527,38,3,52,78,Maurise
528,100,6,69,43,Ulrich
529,86,74,74,83,Adiana
530,11,87,66,12,Bentley
531,30,95,39,26,Gaynor
532,73,21,60,75,Haleigh
533,7,74,54,29,George
534,18,50,47,35,Gar
535,76,64,94,24,Melitta
536,1,44,86,88,Nikos
537,85,35,32,20,Amye
538,23,79,86,61,Novelia
539,16,85,50,35,Kalle
540,22,71,40,35,Vance
541,5,36,44,51,Ame
542,56,50,34,35,Sophi
543,77,93,28,37,Emeline
544,3,65,80,8,Frankie
545,11,5,16,2,Ermentrude
546,44,74,71,11,Serena
547,26,9,39,12,Lorrie
548,52,38,59,59,Rosalinda
549,92,8,90,27,Jeramie
550,29,39,97,71,Lea
551,58,80,60,61,Cassaundra
552,91,76,14,92,Jolene
553,80,96,5,9,Karlie
554,25,69,7,41,Mellie
555,72,76,14,95,Eloisa
556,14,37,11,56,Neysa
557,7,68,26,29,Lorenzo
558,69,85,85,76,Toby
559,20,96,9,67,Janeva
560,11,33,56,97,Rubetta
561,35,43,46,84,Haven
562,94,43,26,89,Urbano
563,25,97,69,3,Levon
564,49,80,66,35,Estrellita
565,22,46,98,1,Evy
566,3,97,56,76,Everard
567,65,84,65,86,Tracee
568,13,64,19,22,Carlin
569,88,63,69,30,Janel
570,85,78,77,31,Ingamar
571,38,36,79,6,Petunia
572,65,83,58,33,Gillie
573,67,35,93,3,Tadeas
574,42,7,99,67,Manon
575,54,22,100,77,Pren
576,34,13,93,59,Amandi
577,50,7,58,2,Carlin
578,40,91,3,10,Beth
579,6,18,68,12,Krispin
580,89,88,15,78,Ulberto
581,48,44,60,30,Andria
582,89,62,7,77,Julietta
583,18,82,5,11,Arlina
584,52,72,70,16,Flory
585,14,78,83,38,Damien
586,76,7,97,94,Claudetta
587,24,11,96,33,Geralda
588,28,58,35,92,Sutton
589,54,93,15,51,Gerry
590,36,31,66,29,Gearard
591,94,100,15,78,Krystle
592,77,97,37,74,Suki
593,31,28,71,85,Northrup
594,23,38,89,81,Gladi
595,82,72,79,37,Pauline
596,7,11,44,48,Janenna
597,49,25,16,11,Crissie
598,21,5,60,28,Hyman
599,75,31,44,62,Celle
600,75,9,12,59,Alair
601,85,19,82,82,Mohandis
602,94,85,22,15,Heda
603,51,48,24,44,Whit
604,15,69,70,1,Ashleigh
605,43,76,52,82,Mile
606,7,71,77,51,Corrianne
607,73,69,27,5,Johnath
608,60,49,73,82,Dannie
609,35,74,10,83,Eduardo
610,84,44,71,94,Lenna
611,59,63,48,31,Frieda
612,4,73,33,8,Letitia
613,12,88,86,42,Iolanthe
614,88,56,84,59,Vanni
615,52,18,52,59,Sancho
616,33,51,2,65,Adoree
617,35,8,84,57,Abramo
618,84,30,34,68,Page
619,43,39,36,30,Inglebert
620,16,60,73,74,Kath
621,85,74,42,10,Marco
622,75,31,54,51,Ellissa
623,79,56,53,79,Elnar
624,22,1,63,61,Delaney
625,91,89,4,36,Katlin
626,32,74,26,13,Jacobo
627,79,19,75,65,Torrie
628,28,80,34,90,Aymer
629,62,26,90,54,Jeanie
630,65,38,69,21,Clarence
631,51,73,71,32,Shelbi
632,92,68,82,20,Izabel
633,76,32,97,22,Dilly
634,66,95,72,73,Gradeigh
635,33,31,3,42,Elia
636,46,40,27,85,Daryl
637,6,62,72,63,Quinn
638,64,7,62,14,Fleurette
639,12,55,39,1,Robinson
640,59,31,87,4,Wilburt
641,11,12,51,34,Danella
642,63,41,90,32,Nappy
643,60,19,9,61,Devon
644,20,83,91,86,Donavon
645,94,44,74,47,Onofredo
646,6,38,73,20,Maressa
647,13,75,79,85,Pauli
648,67,27,33,99,Rabbi
649,2,31,83,78,Christy
650,4,94,51,7,Emanuele
651,56,69,6,61,Alejoa
652,59,82,74,10,Joby
653,7,18,13,15,Sayers
654,45,21,95,31,Gabbi
655,60,61,8,55,Ewart
656,13,83,91,46,Krystyna
657,64,6,13,9,Terri-jo
658,29,55,25,81,Coraline
659,80,42,1,12,Happy
660,12,8,56,13,Kinna
661,61,95,85,67,Sancho
662,64,75,70,45,Beulah
663,63,82,91,97,Patty
664,96,7,71,55,Humphrey
665,80,11,85,67,Lizbeth
666,48,18,59,92,Cirilo
667,87,74,93,3,Katrinka
668,30,92,88,66,Adrian
669,14,92,92,42,Eveline
670,28,89,22,49,Glad
671,71,42,75,45,Costanza
672,39,97,51,75,Agnes
673,90,53,31,6,Giraud
674,5,44,77,91,Mia
675,25,28,80,77,Maximo
676,26,57,39,98,Dallis
677,10,75,79,72,Sargent
678,86,80,95,17,Noam
679,28,9,77,9,Edd
680,9,8,41,66,Cori
681,75,50,30,20,Irwin
682,44,12,30,37,Kathleen
683,44,54,59,37,Georas
684,71,93,37,46,Wang
685,58,55,41,99,Hobie
686,67,27,51,49,Redd
687,46,80,41,93,Jerrilyn
688,73,66,44,38,Constantino
689,98,54,60,67,Maude
690,5,99,93,71,Veriee
691,95,96,64,61,Carlota
692,66,36,43,9,Alisha
693,3,11,5,73,Madonna
694,44,83,54,31,Patience
695,17,4,87,97,Murray
696,97,95,8,51,Laurice
697,88,22,89,98,Frederica
698,82,6,33,31,Rayner
699,61,8,77,42,Dania
700,29,38,58,73,Oswald
701,42,65,74,86,Rosabelle
702,26,66,34,59,Reggi
703,60,88,93,80,Johny
704,57,71,77,72,George
705,93,38,12,96,Boigie
706,55,77,64,43,Melva
707,82,78,9,63,Guglielmo
708,14,34,9,70,Sumner
709,13,37,53,64,Stavro
710,41,72,36,40,Cyril
711,43,81,39,22,Conrade
712,39,26,78,66,Fremont
713,45,52,85,26,Darby
714,24,62,91,81,Glynnis
715,62,28,76,12,Anna
716,6,4,93,75,Eleanore
717,75,2,12,29,Elbertina
718,88,26,46,9,Kellia
719,16,100,80,61,Gerrilee
720,43,7,69,98,Dorey
721,9,91,60,98,Pietra
722,24,45,39,87,Netta
723,75,46,79,25,Raymond
724,22,25,58,12,Lyndsay
725,41,24,13,15,Britteny
726,36,79,41,71,Jenny
727,72,55,86,43,Melany
728,67,96,64,4,Silvain
729,41,47,58,100,Sherline
730,71,92,22,23,Elfie
731,27,46,75,94,Bondon
732,84,29,12,12,Guglielma
733,4,4,17,10,Netti
734,78,40,66,42,Torrin
735,64,77,15,38,Griff
736,40,91,87,22,Clay
737,29,64,55,36,Sholom
738,57,97,25,3,Gayler
739,89,63,24,48,Danna
740,19,5,75,85,Jose
741,76,18,41,10,Charlotte
742,56,20,2,53,Christalle
743,54,32,7,20,Mandie
744,25,49,98,96,Elianora
745,79,63,87,57,Lorene
746,75,56,58,52,Oswell
747,45,71,46,3,Phylis
748,65,18,66,98,Luelle
749,49,68,14,75,Veronica
750,11,87,9,66,Montgomery
751,64,47,73,28,Valentine
752,98,6,94,53,Papageno
753,31,38,16,6,Ronny
754,97,31,76,1,Hieronymus
755,51,99,100,22,Porty
756,56,11,21,5,Carlita
757,35,57,82,30,Burtie
758,8,22,45,29,Raffarty
759,63,33,35,83,Batsheva
760,65,53,21,51,Jenica
761,73,83,70,39,Yance
762,67,46,21,53,Dinnie
763,94,68,81,28,Garfield
764,10,31,80,86,Nichole
765,64,85,88,36,Felicdad
766,31,9,61,1,Moshe
767,42,95,17,87,Hazlett
768,83,100,10,70,Vlad
769,86,89,31,100,Eadith
770,17,78,66,69,Albina
771,6,28,33,11,Fayre
772,58,34,21,93,Dynah
773,78,85,19,9,Ag
774,96,18,79,98,Selena
775,12,14,20,19,Justino
776,48,51,64,89,Marcel
777,13,93,51,95,Georgeanne
778,14,3,17,35,Allix
779,87,66,87,36,Jesse
780,89,59,7,96,Latia
781,67,56,43,33,Lion
782,23,89,72,18,Curt
783,8,46,54,52,Pattin
784,64,12,84,43,Taite
785,25,81,81,74,Andriette
786,9,56,36,55,Kimberly
787,42,44,50,27,Agnola
788,92,72,99,21,Freeman
789,73,52,78,34,Natassia
790,5,25,25,95,Hamlen
791,83,73,21,39,Gayleen
792,31,90,14,61,Stavros
793,14,79,37,2,Carolyn
794,93,20,39,80,Udale
795,3,50,63,36,Tally
796,90,61,10,93,Nora
797,53,97,50,31,Estelle
798,49,80,43,18,Harman
799,55,11,41,15,Cordey
800,31,95,41,67,Louisette
801,18,31,90,21,Sophie
802,8,58,97,91,Birk
803,71,21,21,80,Hobey
804,1,4,8,29,Fan
805,83,16,20,6,Danielle
806,19,6,6,95,Kimberlyn
807,90,42,25,67,Saxon
808,32,20,92,33,Garvin
809,43,78,46,67,Randa
810,70,83,25,36,Willie
811,81,69,54,23,Man
812,13,31,75,22,Fabe
813,2,70,85,43,Andris
814,91,26,93,19,Teressa
815,2,84,13,39,Merry
816,96,55,90,81,Ivette
817,9,83,97,12,Damon
818,23,26,35,63,Ellwood
819,28,33,31,58,Jemmie
820,50,84,80,53,Raffaello
821,51,4,58,28,Calida
822,15,92,94,69,Garwin
823,97,53,10,34,Lilias
824,72,36,50,43,Peta
825,21,26,58,95,Jonathon
826,96,53,24,38,Ralina
827,34,89,14,62,Nessi
828,36,98,14,59,Mayer
829,94,77,9,96,Costanza
830,14,19,56,61,Keenan
831,27,96,10,75,Conney
832,28,9,16,40,Kare
833,72,87,5,53,Rita
834,54,23,21,97,Otho
835,55,100,60,34,Lyndsay
836,8,33,92,86,Loy
837,5,60,53,42,Alistair
838,64,44,44,29,Bailey
839,79,30,60,51,Alexio
840,41,89,64,91,Myles
841,67,71,79,93,Mirilla
842,87,49,95,69,Carolus
843,49,96,8,16,Si
844,18,52,2,54,Borg
845,99,26,33,91,Tybi
846,87,58,99,24,Zeke
847,79,58,21,46,Vin
848,38,65,13,10,Dorey
849,85,88,51,76,Charmane
850,87,51,74,92,Noah
851,39,93,84,37,Benyamin
852,41,85,18,31,Debbie
853,86,95,78,43,Joel
854,81,89,79,90,Montague
855,5,15,79,15,Flss
856,23,91,24,73,Marja
857,88,78,72,21,Meryl
858,52,69,4,76,Eddy
859,21,55,12,79,June
860,29,95,64,69,Aldin
861,1,14,88,33,Waldon
862,25,76,40,65,Andriana
863,10,9,33,10,Basilius
864,85,41,33,76,Teri
865,1,45,5,79,Mandi
866,31,80,30,31,Marisa
867,85,83,48,73,Addia
868,46,1,24,44,Mariann
869,65,9,21,77,Benito
870,35,21,15,62,Eimile
871,16,44,58,94,Margaret
872,23,84,87,21,Maribel
873,75,37,36,93,Danyelle
874,95,58,42,79,Izak
875,84,61,60,44,Laina
876,57,45,54,61,Shauna
877,27,34,16,36,Modestia
878,51,82,43,80,Timofei
879,95,71,32,56,Fania
880,93,84,70,94,Giavani
881,60,89,92,100,Caron
882,2,48,48,48,Kit
883,18,18,46,65,Ardella
884,74,7,20,82,Zachariah
885,52,22,64,75,Mercy
886,56,90,17,40,Christie
887,68,65,42,39,Cacilie
888,30,14,100,62,Derby
889,4,4,25,27,Margarethe
890,52,76,83,64,Valerye
891,1,1,14,10,Tommi
892,35,62,65,96,Bird
893,27,78,96,10,Jessa
894,31,85,86,98,Itch
895,73,59,77,92,Cody
896,62,84,34,52,Hugibert
897,92,49,12,14,Lilyan
898,40,91,10,3,Kare
899,79,83,54,4,Arte
900,33,81,54,54,Shara
901,21,77,35,5,Cathee
902,71,74,21,90,Cash
903,55,6,97,65,Mamie
904,20,35,71,27,Ami
905,38,41,13,93,Fields
906,36,51,88,22,Odella
907,65,71,25,3,Eveline
908,70,99,3,66,Harrison
909,21,96,49,55,Tybie
910,28,41,55,2,Nate
911,7,56,39,77,Tricia
912,62,20,29,2,Isidor
913,97,46,22,49,Danya
914,32,67,77,55,Lannie
915,3,70,94,11,Blane
916,88,55,33,61,Ephrem
917,71,17,75,1,Ryun
918,24,82,86,25,Tova
919,52,93,10,43,Kendal
920,61,46,36,30,Aldwin
921,81,71,17,78,Bertie
922,49,5,70,54,Leighton
923,20,65,6,24,Mattie
924,45,21,79,31,Aprilette
925,12,52,100,82,Kyrstin
926,8,10,71,42,Frans
927,41,57,72,66,Sawyer
928,23,7,82,67,Cordi
929,54,43,90,27,Briney
930,65,2,95,18,Ingrid
931,19,21,26,47,Kyla
932,21,37,60,90,Moses
933,27,91,33,15,Janenna
934,39,95,56,21,Glynda
935,45,22,77,1,Buddie
936,53,50,68,37,Onfre
937,83,47,15,19,Adelaide
938,49,66,50,65,Jessi
939,85,77,96,42,Sterne
940,75,1,70,46,Yasmin
941,56,53,62,32,Alphonse
942,91,78,56,84,Carole
943,15,36,30,52,Berri
944,65,23,8,33,Jessika
945,50,30,60,27,Pate
946,34,97,59,65,Nevsa
947,55,79,22,63,Shel
948,92,37,98,76,Patrizio
949,94,50,86,37,Coralie
950,98,72,61,84,Lowrance
951,60,85,26,20,Alan
952,24,91,71,10,Bea
953,51,27,68,50,Nat
954,86,89,2,25,Sabra
955,20,92,85,10,Sissy
956,43,32,52,1,Ingrid
957,78,71,99,47,Valene
958,64,23,45,10,Etti
959,20,20,66,77,Janina
960,31,45,37,2,Bertine
961,63,25,100,63,Kassey
962,43,46,46,88,Ado
963,29,67,96,69,Cally
964,100,30,70,90,Zahara
965,60,66,57,43,Philip
966,28,7,23,51,Gibb
967,79,87,7,55,Danny
968,38,51,91,28,Artie
969,6,87,77,26,Leilah
970,67,55,86,87,Nat
971,7,51,42,37,Mile
972,41,28,32,72,Constantia
973,27,65,13,4,Duffy
974,53,46,93,86,Louisette
975,17,8,81,88,Minette
976,43,97,45,6,Roy
977,6,86,95,50,Illa
978,32,35,35,68,Dorice
979,68,60,50,81,Allyson
980,49,64,99,60,Cinda
981,16,67,10,90,Harbert
982,60,93,53,7,Angus
983,33,28,67,22,Corabel
984,49,98,59,85,Burk
985,100,56,13,27,Jehanna
986,40,68,4,37,Natka
987,20,63,47,34,Alyss
988,82,46,33,69,Bibi
989,26,86,65,49,Oralie
990,24,2,31,75,Alvie
991,39,40,96,78,Cassi
992,11,92,35,88,Andrey
993,17,66,87,64,Lyndsie
994,29,5,2,8,Adolf
995,76,71,33,29,Josiah
996,21,37,47,93,Salvidor
997,35,10,2,20,Donella
998,98,22,82,64,Aldric
999,21,97,9,27,Alair
1000,58,42,36,56,Der
